github.com/a2aproject/a2a-go/v2,https://github.com/a2aproject/a2a-go/blob/v2.5.0/LICENSE,Apache-2.0
github.com/aws/aws-sdk-go-v2,https://github.com/aws/aws-sdk-go-v2/blob/v1.47.0/LICENSE.txt,Apache-2.0
github.com/aws/aws-sdk-go-v2,https://github.com/aws/aws-sdk-go-v2/blob/v1.47.0/internal/sync/singleflight/LICENSE,BSD-3-Clause
github.com/aws/aws-sdk-go-v2/aws/protocol/eventstream,https://github.com/aws/aws-sdk-go-v2/blob/aws/protocol/eventstream/v1.7.20/aws/protocol/eventstream/LICENSE.txt,Apache-2.0
github.com/aws/aws-sdk-go-v2/internal/configsources,https://github.com/aws/aws-sdk-go-v2/blob/internal/configsources/v1.5.3/internal/configsources/LICENSE.txt,Apache-2.0
github.com/aws/aws-sdk-go-v2/internal/endpoints/v2,https://github.com/aws/aws-sdk-go-v2/blob/internal/endpoints/v2.8.3/internal/endpoints/v2/LICENSE.txt,Apache-2.0
github.com/aws/aws-sdk-go-v2/internal/v4a,https://github.com/aws/aws-sdk-go-v2/blob/internal/v4a/v1.5.3/internal/v4a/LICENSE.txt,Apache-2.0
github.com/aws/aws-sdk-go-v2/service/internal/accept-encoding,https://github.com/aws/aws-sdk-go-v2/blob/service/internal/accept-encoding/v1.13.19/service/internal/accept-encoding/LICENSE.txt,Apache-2.0
github.com/aws/aws-sdk-go-v2/service/internal/checksum,https://github.com/aws/aws-sdk-go-v2/blob/service/internal/checksum/v1.11.3/service/internal/checksum/LICENSE.txt,Apache-2.0
github.com/aws/aws-sdk-go-v2/service/internal/presigned-url,https://github.com/aws/aws-sdk-go-v2/blob/service/internal/presigned-url/v1.14.3/service/internal/presigned-url/LICENSE.txt,Apache-2.0
github.com/aws/aws-sdk-go-v2/service/internal/s3shared,https://github.com/aws/aws-sdk-go-v2/blob/service/internal/s3shared/v1.20.3/service/internal/s3shared/LICENSE.txt,Apache-2.0
github.com/aws/aws-sdk-go-v2/service/s3,https://github.com/aws/aws-sdk-go-v2/blob/service/s3/v1.113.1/service/s3/LICENSE.txt,Apache-2.0
github.com/aws/smithy-go,https://github.com/aws/smithy-go/blob/v1.28.1/LICENSE,Apache-2.0
github.com/aws/smithy-go,https://github.com/aws/smithy-go/blob/v1.28.1/internal/sync/singleflight/LICENSE,BSD-3-Clause
github.com/bahlo/generic-list-go,https://github.com/bahlo/generic-list-go/blob/v0.2.0/LICENSE,BSD-3-Clause
github.com/beorn7/perks,https://github.com/beorn7/perks/blob/v1.0.1/LICENSE,MIT
github.com/buger/jsonparser,https://github.com/buger/jsonparser/blob/v1.1.2/LICENSE,MIT
github.com/bytedance/gopkg,https://github.com/bytedance/gopkg/blob/v0.1.3/LICENSE,Apache-2.0
github.com/bytedance/sonic,https://github.com/bytedance/sonic/blob/v1.15.0/LICENSE,Apache-2.0
github.com/bytedance/sonic/loader,https://github.com/bytedance/sonic/blob/loader/v0.5.0/loader/LICENSE,Apache-2.0
github.com/cespare/xxhash/v2,https://github.com/cespare/xxhash/blob/v2.3.0/LICENSE.txt,MIT
github.com/cloudwego/base64x,https://github.com/cloudwego/base64x/blob/v0.1.6/LICENSE,Apache-2.0
github.com/davecgh/go-spew,https://github.com/davecgh/go-spew/blob/d8f796af33cc/LICENSE,ISC
github.com/dgryski/go-rendezvous,https://github.com/dgryski/go-rendezvous/blob/9f7001d12a5f/LICENSE,MIT
github.com/dlclark/regexp2/v2,https://github.com/dlclark/regexp2/blob/v2.5.2/LICENSE,MIT
github.com/dop251/goja,https://github.com/dop251/goja/blob/b3fa02110dbd/LICENSE,MIT
github.com/dop251/goja,https://github.com/dop251/goja/blob/b3fa02110dbd/ftoa/LICENSE_LUCENE,LicenseRef-MIT-Lucent
github.com/dop251/goja,https://github.com/dop251/goja/blob/b3fa02110dbd/ftoa/internal/fast/LICENSE_V8,BSD-3-Clause
github.com/facebookgo/clock,https://github.com/facebookgo/clock/blob/600d898af40a/LICENSE,MIT
github.com/felixge/httpsnoop,https://github.com/felixge/httpsnoop/blob/v1.0.4/LICENSE.txt,MIT
github.com/go-logr/logr,https://github.com/go-logr/logr/blob/v1.4.4/LICENSE,Apache-2.0
github.com/go-logr/stdr,https://github.com/go-logr/stdr/blob/v1.2.2/LICENSE,Apache-2.0
github.com/go-sourcemap/sourcemap,https://github.com/go-sourcemap/sourcemap/blob/v2.1.3/LICENSE,BSD-2-Clause
github.com/gogo/protobuf,https://github.com/gogo/protobuf/blob/v1.3.2/LICENSE,BSD-3-Clause
github.com/golang-jwt/jwt/v5,https://github.com/golang-jwt/jwt/blob/v5.3.1/LICENSE,MIT
github.com/golang/mock,https://github.com/golang/mock/blob/v1.6.0/LICENSE,Apache-2.0
github.com/google/jsonschema-go,https://github.com/google/jsonschema-go/blob/v0.4.3/LICENSE,MIT
github.com/google/pprof,https://github.com/google/pprof/blob/27863c87afa6/LICENSE,Apache-2.0
github.com/google/uuid,https://github.com/google/uuid/blob/v1.6.0/LICENSE,BSD-3-Clause
github.com/grpc-ecosystem/go-grpc-middleware/v2,https://github.com/grpc-ecosystem/go-grpc-middleware/blob/v2.3.2/LICENSE,Apache-2.0
github.com/grpc-ecosystem/grpc-gateway/v2,https://github.com/grpc-ecosystem/grpc-gateway/blob/v2.28.0/LICENSE,BSD-3-Clause
github.com/hastekit/agent-sdk-go,https://github.com/hastekit/agent-sdk-go/blob/v0.0.24/LICENSE,Apache-2.0
github.com/invopop/jsonschema,https://github.com/invopop/jsonschema/blob/v0.13.0/COPYING,MIT
github.com/jackc/pgpassfile,https://github.com/jackc/pgpassfile/blob/v1.0.0/LICENSE,MIT
github.com/jackc/pgservicefile,https://github.com/jackc/pgservicefile/blob/5a60cdf6a761/LICENSE,MIT
github.com/jackc/pgx/v5,https://github.com/jackc/pgx/blob/v5.11.0/LICENSE,MIT
github.com/jackc/puddle/v2,https://github.com/jackc/puddle/blob/v2.2.2/LICENSE,MIT
github.com/klauspost/cpuid/v2,https://github.com/klauspost/cpuid/blob/v2.2.10/LICENSE,MIT
github.com/mailru/easyjson,https://github.com/mailru/easyjson/blob/v0.7.7/LICENSE,MIT
github.com/modelcontextprotocol/go-sdk,https://github.com/modelcontextprotocol/go-sdk/blob/v1.8.0/LICENSE,Apache-2.0
github.com/modelcontextprotocol/go-sdk,https://github.com/modelcontextprotocol/go-sdk/blob/v1.8.0/LICENSE,MIT
github.com/mr-tron/base58,https://github.com/mr-tron/base58/blob/v1.2.0/LICENSE,MIT
github.com/munnerz/goautoneg,https://github.com/munnerz/goautoneg/blob/a7dc8b61c822/LICENSE,BSD-3-Clause
github.com/nexus-rpc/sdk-go,https://github.com/nexus-rpc/sdk-go/blob/v0.5.1/LICENSE,MIT
github.com/pmezard/go-difflib,https://github.com/pmezard/go-difflib/blob/5d4384ee4fb2/LICENSE,BSD-3-Clause
github.com/prometheus/client_golang,https://github.com/prometheus/client_golang/blob/v1.23.2/LICENSE,Apache-2.0
github.com/prometheus/client_golang,https://github.com/prometheus/client_golang/blob/v1.23.2/internal/github.com/golang/gddo/LICENSE,BSD-3-Clause
github.com/prometheus/client_model,https://github.com/prometheus/client_model/blob/v0.6.2/LICENSE,Apache-2.0
github.com/prometheus/common,https://github.com/prometheus/common/blob/v0.66.1/LICENSE,Apache-2.0
github.com/prometheus/procfs,https://github.com/prometheus/procfs/blob/v0.16.1/LICENSE,Apache-2.0
github.com/redis/go-redis/v9,https://github.com/redis/go-redis/blob/v9.17.3/LICENSE,BSD-2-Clause
github.com/restatedev/sdk-go,https://github.com/restatedev/sdk-go/blob/v0.23.0/LICENSE,MIT
github.com/robfig/cron,https://github.com/robfig/cron/blob/v1.2.0/LICENSE,MIT
github.com/robfig/cron/v3,https://github.com/robfig/cron/blob/v3.0.1/LICENSE,MIT
github.com/segmentio/asm,https://github.com/segmentio/asm/blob/v1.1.3/LICENSE,MIT
github.com/segmentio/encoding,https://github.com/segmentio/encoding/blob/v0.5.4/LICENSE,MIT
github.com/stretchr/objx,https://github.com/stretchr/objx/blob/v0.5.2/LICENSE,MIT
github.com/stretchr/testify,https://github.com/stretchr/testify/blob/v1.11.1/LICENSE,MIT
github.com/tetratelabs/wazero,https://github.com/tetratelabs/wazero/blob/v1.9.0/LICENSE,Apache-2.0
github.com/twitchyliquid64/golang-asm,https://github.com/twitchyliquid64/golang-asm/blob/v0.15.1/LICENSE,BSD-3-Clause
github.com/wk8/go-ordered-map/v2,https://github.com/wk8/go-ordered-map/blob/v2.1.8/LICENSE,Apache-2.0
github.com/yosida95/uritemplate/v3,https://github.com/yosida95/uritemplate/blob/v3.0.2/LICENSE,BSD-3-Clause
go.opentelemetry.io/auto/sdk,https://github.com/open-telemetry/opentelemetry-go-instrumentation/blob/sdk/v1.2.1/sdk/LICENSE,Apache-2.0
go.opentelemetry.io/contrib/instrumentation/net/http/otelhttp,https://github.com/open-telemetry/opentelemetry-go-contrib/blob/instrumentation/net/http/otelhttp/v0.65.0/instrumentation/net/http/otelhttp/LICENSE,Apache-2.0
go.opentelemetry.io/contrib/instrumentation/net/http/otelhttp,https://github.com/open-telemetry/opentelemetry-go-contrib/blob/instrumentation/net/http/otelhttp/v0.65.0/instrumentation/net/http/otelhttp/LICENSE,BSD-3-Clause
go.opentelemetry.io/otel,https://github.com/open-telemetry/opentelemetry-go/blob/v1.45.0/LICENSE,Apache-2.0
go.opentelemetry.io/otel,https://github.com/open-telemetry/opentelemetry-go/blob/v1.45.0/LICENSE,BSD-3-Clause
go.opentelemetry.io/otel/metric,https://github.com/open-telemetry/opentelemetry-go/blob/metric/v1.45.0/metric/LICENSE,Apache-2.0
go.opentelemetry.io/otel/metric,https://github.com/open-telemetry/opentelemetry-go/blob/metric/v1.45.0/metric/LICENSE,BSD-3-Clause
go.opentelemetry.io/otel/trace,https://github.com/open-telemetry/opentelemetry-go/blob/trace/v1.45.0/trace/LICENSE,Apache-2.0
go.opentelemetry.io/otel/trace,https://github.com/open-telemetry/opentelemetry-go/blob/trace/v1.45.0/trace/LICENSE,BSD-3-Clause
go.temporal.io/api,https://github.com/temporalio/api-go/blob/v1.62.1/LICENSE,MIT
go.temporal.io/api,https://github.com/temporalio/api-go/blob/v1.62.1/internal/protojson/LICENSE,BSD-3-Clause
go.temporal.io/sdk,https://github.com/temporalio/sdk-go/blob/v1.39.0/LICENSE,MIT
go.temporal.io/sdk/contrib/opentelemetry,https://github.com/temporalio/sdk-go/blob/contrib/opentelemetry/v0.7.0/contrib/opentelemetry/LICENSE,MIT
go.yaml.in/yaml/v2,https://github.com/yaml/go-yaml/blob/v2.4.3/LICENSE,Apache-2.0
golang.org/x/arch,https://cs.opensource.google/go/x/arch/+/v0.17.0:LICENSE,BSD-3-Clause
golang.org/x/net,https://cs.opensource.google/go/x/net/+/v0.60.0:LICENSE,BSD-3-Clause
golang.org/x/oauth2,https://cs.opensource.google/go/x/oauth2/+/v0.36.0:LICENSE,BSD-3-Clause
golang.org/x/sync,https://cs.opensource.google/go/x/sync/+/v0.23.0:LICENSE,BSD-3-Clause
golang.org/x/sys,https://cs.opensource.google/go/x/sys/+/v0.48.0:LICENSE,BSD-3-Clause
golang.org/x/text,https://cs.opensource.google/go/x/text/+/v0.42.0:LICENSE,BSD-3-Clause
golang.org/x/time,https://cs.opensource.google/go/x/time/+/v0.15.0:LICENSE,BSD-3-Clause
google.golang.org/genproto/googleapis/api,https://github.com/googleapis/go-genproto/blob/3dc84a4a5aaa/googleapis/api/LICENSE,Apache-2.0
google.golang.org/genproto/googleapis/rpc,https://github.com/googleapis/go-genproto/blob/3dc84a4a5aaa/googleapis/rpc/LICENSE,Apache-2.0
google.golang.org/grpc,https://github.com/grpc/grpc-go/blob/v1.83.2/LICENSE,Apache-2.0
google.golang.org/protobuf,https://github.com/protocolbuffers/protobuf-go/blob/v1.36.11/LICENSE,BSD-3-Clause
gopkg.in/yaml.v3,https://github.com/go-yaml/yaml/blob/v3.0.1/LICENSE,MIT
