"module name","license","repository"
"@amap/amap-jsapi-loader@1.0.1","MIT","git@gitlab.alibaba-inc.com:amap-web/amap-jsapi-loader"
"@babel/runtime@7.29.7","MIT","https://github.com/babel/babel"
"@react-three/fiber@9.8.1","MIT","https://github.com/pmndrs/react-three-fiber"
"@types/react-reconciler@0.28.9","MIT","https://github.com/DefinitelyTyped/DefinitelyTyped"
"@types/react@19.3.0","MIT","https://github.com/DefinitelyTyped/DefinitelyTyped"
"@types/webxr@0.5.24","MIT","https://github.com/DefinitelyTyped/DefinitelyTyped"
"base64-js@1.5.1","MIT","https://github.com/beatgammit/base64-js"
"buffer@6.0.3","MIT","https://github.com/feross/buffer"
"csstype@3.2.3","MIT","https://github.com/frenic/csstype"
"ieee754@1.2.1","BSD-3-Clause","https://github.com/feross/ieee754"
"its-fine@2.1.1","MIT","https://github.com/pmndrs/its-fine"
"lucide-react@1.50.0","ISC","https://github.com/lucide-icons/lucide"
"react-dom@19.3.0","MIT","https://github.com/react/react"
"react-use-measure@2.1.7","MIT","https://github.com/pmndrs/react-use-measure"
"react@19.3.0","MIT","https://github.com/react/react"
"scheduler@0.28.0","MIT","https://github.com/react/react"
"suspend-react@0.1.3","MIT","https://github.com/pmndrs/suspend-react"
"three@0.186.1","MIT","https://github.com/mrdoob/three.js"
"use-sync-external-store@1.7.0","MIT","https://github.com/react/react"
"zod@4.6.5","MIT","https://github.com/colinhacks/zod"
"zustand@5.0.15","MIT","https://github.com/pmndrs/zustand"
