ts	phase	decision	why	evidence	result
2026-10-10T12:29:07Z	frame	reset scope to a production-complete dispatch system	the user explicitly rejected demo and time-boxed scope	docs/research/city-delivery-optimization.md, issues #127-#134	definition of done expanded; architecture audit in progress
2026-10-10T12:51:18Z	architecture	selected independent delivery domain with OptimizationRun, immutable PlanRevision, and DispatchExecution	three design candidates and a cross-judge agreed this keeps guardian intact while covering full production scope	docs/delivery-optimization-architecture.md	architecture synthesized; research scope no longer time-boxed
2026-10-10T12:53:27Z	planning	expanded Epic #127 into eleven production workstreams and rewrote #128-#134	the previous issue tree excluded production data, external solvers, dynamic reoptimization, and operational hardening	issues #127-#138	scope and acceptance criteria now match the architecture
2026-10-10T13:14:47Z	foundation	implemented versioned delivery contracts, canonical digests, tenant artifact storage, snapshot construction, and independent V0xx-V12xx validation	downstream solving, approval, and recovery need one deterministic identity and feasibility boundary	internal/delivery, scripts/check-delivery-boundaries.sh	go vet and full race suite green; five independent review counterexamples fixed
2026-10-10T13:25:36Z	solver-contract	defined replay-safe solve contract and package boundary gate	deterministic identity must exclude operational envelope fields and validator must remain independent	internal/delivery/solve/contract.go, scripts/check-delivery-boundaries.sh	contract tests and boundary gate green
2026-10-10T14:02:44Z	search-architecture	selected complete domain.Plan candidate state, one coupled evaluator, certifiedState, a fixed twelve-operator registry, and full-state identity	three architecture candidates and an independent cross-judge scored this shape highest for replay, joint feasibility, ownership, and compatibility	docs/delivery-search-design.md, /tmp/waybill-search-architecture/judge.md	design fixes budget status semantics and defines incremental/full equivalence gates
2026-10-10T14:02:44Z	solver-correctness	made regret rounds atomic and repaired cross-trip SOC, matrix-bound drive duration, temporal cargo reuse, support DAG counting, and load-stage continuity	static audits produced concrete counterexamples that existing tests did not cover	internal/delivery/solve, internal/delivery/validate	targeted solve, validator, service, and domain tests plus vet and package boundary checks are green
2026-10-10T14:09:17Z	solver-foundation	added the sole objective comparator, monotonic budget, normalized full-state key, fixed twelve-operator registry, and v2 termination evidence	local search needs replay-safe identities and accounting before any move logic can be trusted	internal/delivery/solve/{objective,budget,state,operator_registry,contract}.go	targeted race tests green
2026-10-10T14:14:46Z	coupled-evaluator	moved construction scoring and terminal certification onto complete candidate states with solver-side metric and objective recomputation	partial trip scores could not represent fleet cost, pending required work, load utilization, energy, or stability	internal/delivery/solve/{metrics,evaluator,engine}.go	targeted race tests and diff check green
2026-10-10T14:21:35Z	local-search	implemented deterministic first-improvement search over twelve real route, trip, depot, vehicle, driver, break, charge, and placement operators	every accepted move must rebuild affected duties, pass full metric recomputation, and pass the independent validator	internal/delivery/solve/operator*.go, internal/delivery/solve/local_search.go, internal/delivery/solve/recompute.go	race tests, vet, boundary gate, and diff check green
2026-10-10T14:23:46Z	no-good	added solve-local exact no-goods bound to full state key, move key, problem, config, and solver build	a failed move can be skipped only in the exact state that proved the same stable failure	internal/delivery/solve/no_good.go, internal/delivery/solve/no_good_test.go	full race suite, vet, boundary gate, and diff check green
2026-10-10T14:33:40Z	explicit-rehandle	replaced cargo-only rehandle flags with sequenced before/after operations, schedule time, policy cost, metrics, packer derivation, and independent validation	an executable loading plan must prove what cargo moves, where it moves, how long it takes, and what it costs	internal/delivery/{domain,service,solve,validate}, scripts/check-delivery-boundaries.sh	full race suite, vet, package boundary gate, and diff check green
2026-10-10T14:40:27Z	capacity-cancellation	propagated context cancellation through construction, move application, duty recompilation, all twelve operator enumerators, and inner packing loops; added a bounded 300-cargo case	long packing and neighborhood scans must stop inside the active computation rather than between candidates	internal/delivery/solve	full race suite, vet, package boundary gate, and diff check green
2026-10-10T15:04:35Z	recompute-oracle	added authoritative trip input digests, digest-controlled reuse, shared full recomputation, and per-move equivalence enforcement	incremental reuse is correct only when route, explicit control decisions, and all cross-trip time, depot, and SOC dependencies are proven unchanged	internal/delivery/solve, docs/delivery-search-design.md	all 12 operators have feasible and coupled-rejection probes; three dependency-edge mutations fail; 31 budget cutoffs and 20 shuffled GOMAXPROCS runs replay; full race, vet, boundary, and diff gates green
